post_id,tech_tag,barriers
1pq34ur,AI,Integration problems; Performance limitations; Training / skill gap
1mcyhlz,AI,
1mi4kwh,AI,Cost concerns; Performance limitations; Training / skill gap
1qjrxul,AI,Performance limitations
1h28uho,AI,
1qpugsz,AI,
1n4tgf8,AI,Cost concerns; Performance limitations
1koxp4b,AI,
1ljntln,AI,Cost concerns; Performance limitations; Training / skill gap
1j45aju,AI,
1el7jn1,AI,
1cu00f4,AI,
1dpewu3,AI,
1gp14kf,AI,
1cceb7d,AI,
1bc7s0x,AI,
1bvw5cl,AI,
1l38h3c,AM_3Dprinting,Cost concerns; Performance limitations; Regulatory / compliance; Training / skill gap
1ik12q3,AM_3Dprinting,Performance limitations
1kudvx8,AM_3Dprinting,
1jcn8t6,AM_3Dprinting,
1mqk02q,AM_3Dprinting,Cost concerns
1hdam20,AM_3Dprinting,
1mwo879,AM_3Dprinting,
1myhopx,AM_3Dprinting,
1gk4273,AM_3Dprinting,Performance limitations
1l9v674,AM_3Dprinting,
1fjfrk0,AM_3Dprinting,
1imx723,BIM,
1rb1j71,BIM,
1qntxas,BIM,
1n6gvy6,BIM,
1nbl0k5,BIM,
1l6iq0m,BIM,
1ivjdg3,BIM,
1i3wqpg,BIM,
1i4zcj6,BIM,Training / skill gap
1g215er,BIM,
1he0jpu,BIM,
1ekb9if,BIM,
1f79c7c,BIM,
1dsltbb,BIM,
1bnjuu4,BIM,Performance limitations; Training / skill gap
1bly3xr,BIM,
1bk55ik,BIM,Training / skill gap
1bosx1o,BIM,
1bfj561,Prefabrication,
1kltufj,Prefabrication,Cost concerns
1n4ko60,Prefabrication,
1c854v3,Prefabrication,
1c3skl5,Prefabrication,
1kb2sc1,Prefabrication,
1g2uiiw,Prefabrication,Cost concerns
1ob3rit,RFID,Performance limitations
1r2g9hs,RFID,
1pld5na,UAV,Cost concerns; Integration problems; Performance limitations
1hhwhcp,UAV,Cost concerns; Performance limitations; Training / skill gap
1hto3qw,UAV,Cost concerns
1q9pt2u,UAV,Regulatory / compliance
1qoe1n2,UAV,
1q2qbg1,UAV,
1qvuuhd,UAV,
1p5cstm,UAV,
1nb6xao,UAV,Cost concerns
1h2ig17,UAV,Performance limitations; Regulatory / compliance; Training / skill gap
1hn6pye,UAV,Regulatory / compliance
1j9jxz1,UAV,
1ju5bad,UAV,
1q3ww6v,XR,Training / skill gap
1q1sj9b,XR,Cost concerns; Performance limitations; ROI uncertainty; Training / skill gap
1enitjr,XR,
1ms9tiu,XR,
1ik316p,XR,
1d0ij08,IoT,
1hohlj3,IoT,
1cr63np,IoT,
1l8em69,Simulation,
1nnkese,Simulation,
1e7ypx4,Simulation,
1q0klq5,Computational Fluid Dynamics,
1fi7lej,Computational Fluid Dynamics,
1cwzibh,Computational Fluid Dynamics,
1k8bv0p,Digital Twins,
1k8bzap,Digital Twins,
1lec6wj,Digital Twins,
1jhub55,Generative Design,Cost concerns; ROI uncertainty
1ofa45g,Parametric Design,Regulatory / compliance
1dbt6lg,Parametric Design,
1davxpo,Parametric Design,
1mslpvs,SHM (Structural Health Monitoring),Integration problems; Performance limitations
1de4t0c,SHM (Structural Health Monitoring),Cost concerns; ROI uncertainty
1j1vre5,Blockchain,Cost concerns; Performance limitations; Training / skill gap
1m6wgsq,Big Data,
1jilv52,IoT,
1f3wyj6,IoT,Cost concerns; Performance limitations; Regulatory / compliance
1be3uj2,IoT,
1mu4y0b,Geographic Information Systems (GIS),Performance limitations
1pxcg8n,Geographic Information Systems (GIS),Interoperability; Performance limitations; ROI uncertainty
1qse1oy,Geographic Information Systems (GIS),
1qylp0b,Geographic Information Systems (GIS),
1qb1xb5,Geographic Information Systems (GIS),Integration problems; Performance limitations
1lgo2gw,Geographic Information Systems (GIS),
1mkwvwz,Geographic Information Systems (GIS),Training / skill gap
1k89roy,Geographic Information Systems (GIS),
1l9mla8,Geographic Information Systems (GIS),
1lkjaea,Geographic Information Systems (GIS),
1l8ehe3,Geographic Information Systems (GIS),
1qq720e,Prefabrication,
1i2p7h1,Prefabrication,
1c3smz1,Prefabrication,
1ik0p71,Prefabrication,Performance limitations
1i8vwff,Prefabrication,
1cujlp8,Prefabrication,Cost concerns
1f6ieaj,Prefabrication,Regulatory / compliance
1b7pk9y,Prefabrication,Cost concerns
1cb4l29,Prefabrication,
1lqyvm3,Simulation,
1hnwpc8,Simulation,Training / skill gap
1dl0pop,Simulation,
1fruot1,Simulation,
1r7e4w1,Simulation,Performance limitations; Training / skill gap
1r7vvs9,Simulation,Cost concerns; Integration problems; Interoperability; Performance limitations; Training / skill gap
1r6y8i2,Simulation,
1qcth06,Simulation,
1ov5a47,Simulation,Performance limitations; Training / skill gap
1ph3rva,Simulation,
1p9074m,Simulation,
1q2gai5,Simulation,
1peswkz,Simulation,
1pc9hry,Simulation,
1owybc5,Simulation,
1p3of2d,Simulation,
1p1o73x,Simulation,
1os1v2n,Simulation,
1o76rir,Simulation,
1oh7p4d,Simulation,
1karipx,Simulation,
1nel89a,Simulation,Cost concerns
1p4u6ej,AM_3Dprinting,Cost concerns; ROI uncertainty; Regulatory / compliance
1ozhy7l,AM_3Dprinting,
1inc1tl,AM_3Dprinting,
1hw0wr8,AM_3Dprinting,Cost concerns; Regulatory / compliance
1hbup8r,AM_3Dprinting,
1f8ua0t,AM_3Dprinting,
1olvrue,AM_3Dprinting,
1bama3z,AM_3Dprinting,
1nzexr7,BIM,
1mtou0t,BIM,
1k64foq,BIM,
1durllj,BIM,
1qx81bu,BIM,Cost concerns; Performance limitations; ROI uncertainty
1qfgpv1,BIM,
1q1wgde,BIM,
1q6eitv,BIM,Training / skill gap
1pchn7s,BIM,
1ojv46p,BIM,Cost concerns
1pf635f,BIM,
1plc3tj,BIM,
1oj1xoe,BIM,
1pizxm6,BIM,
1p3rowa,BIM,
1o5q13w,BIM,Cost concerns; ROI uncertainty
1oxocjp,BIM,
1otcyrr,BIM,
1o84lfr,BIM,
1n6gu2z,BIM,
1lbeoee,BIM,
1nsfckm,BIM,
1nv4w3t,BIM,
1n6h3lp,BIM,
1m0nbyx,BIM,Training / skill gap
1mbmbn2,BIM,
1mcxsoc,BIM,Regulatory / compliance
1ooj9js,XR,Cost concerns; Training / skill gap; Vendor lock-in
1hve6yb,XR,
1fxe50n,XR,
1pu2om5,UAV,Performance limitations
1cchmvk,UAV,
1qgg7yj,UAV,Performance limitations; Regulatory / compliance; Training / skill gap
1qxcnqx,UAV,Integration problems; Performance limitations
1l5q4hp,UAV,Regulatory / compliance
1nc83cw,UAV,
1l1zk8k,UAV,
1l15eyx,UAV,
1g0oblp,UAV,Cost concerns; Integration problems; Performance limitations
1q3pr7l,AI,Training / skill gap
1me2i5k,AI,Regulatory / compliance
1jiibez,AI,
1pibrkg,AI,
1pjt2kl,AI,Performance limitations; ROI uncertainty; Regulatory / compliance; Training / skill gap
1r8oowu,AI,
1qkpoj0,AI,Performance limitations; Regulatory / compliance
1qsfs5f,AI,
1qk3u69,AI,
1qj8otl,AI,Cost concerns; Performance limitations; Training / skill gap
1q31lii,AI,
1pwyjh4,AI,Training / skill gap
1lie9dk,AI,Cost concerns; ROI uncertainty; Training / skill gap
1qaasi0,AI,
1kwa0lf,AI,
1qixmhj,AI,
1qnpe7y,AI,
1pfkp0x,AI,Regulatory / compliance
1r1mr4w,AI,
1p0r50z,AI,Cost concerns
1qj8qeh,AI,
1gmi8u7,AI,Performance limitations; Regulatory / compliance; Training / skill gap
1nazwil,AI,Regulatory / compliance
1me3ejp,AI,
1my4zh4,AI,
1mem3tj,AI,Cost concerns; Performance limitations; Training / skill gap
1clhaj7,AI,
1hgbl1c,AI,
1ngt13p,AI,
1m2rzid,AI,Training / skill gap
1mwhx7i,AI,
1l0i4bi,AI,
1l4b5h6,AI,
1kd8ee6,AI,Performance limitations; Regulatory / compliance
1j115em,AI,
1k0esg2,AI,Performance limitations; Regulatory / compliance; Training / skill gap
1jeqv4s,AI,
1i9k150,AI,
1epahv0,AI,
1eczzqc,Cloud Computing,Integration problems; Interoperability; Performance limitations
1lugd7w,Digital Fabrication,
1hx7v8o,Digital Fabrication,
1jaltni,Digital Fabrication,
1e9lnia,Generative Design,
1mf3a2y,Parametric Design,
1eyjp4n,Parametric Design,
1oh8e4s,Parametric Design,
1qutq9w,Parametric Design,Cost concerns; Training / skill gap
1hvt1nu,Parametric Design,
1hrczqp,Parametric Design,
1f7uyih,Parametric Design,
1dgljc8,Parametric Design,Cost concerns; Training / skill gap
1kgmb9b,Digital Twins,Cost concerns; ROI uncertainty; Training / skill gap
1hh6n5l,Prefabrication,
1mpsh53,Prefabrication,Cost concerns
1ljjgu0,Prefabrication,
1j9fo85,Prefabrication,
1huulf0,Prefabrication,
1fxgee8,Prefabrication,
1cnzti1,Prefabrication,
1bxojcv,Prefabrication,Performance limitations
1q3jsk2,AM_3Dprinting,
1qfrb58,AM_3Dprinting,Cost concerns; ROI uncertainty
1plhkfx,AM_3Dprinting,Cost concerns
1qkhjc3,AM_3Dprinting,
1iqca8x,AM_3Dprinting,
1bviuvk,AM_3Dprinting,
1janpjt,XR,
1ie2my3,XR,
1jifbuj,XR,
1gxwl21,XR,
1icdjl5,UAV,Cost concerns; Performance limitations
1qk6ig0,Geographic Information Systems (GIS),
1lvrjur,Geographic Information Systems (GIS),Integration problems
1r7owy7,Geographic Information Systems (GIS),
1d0dpc6,Geographic Information Systems (GIS),
1lw0w2a,BIM,Cost concerns; Training / skill gap
1lt8m1x,BIM,
1m2kv8y,BIM,
1hhpmim,BIM,
1pdmv1u,BIM,Performance limitations
1ov5ezq,BIM,
1q61xmz,BIM,
1quy04l,BIM,Training / skill gap
1podhli,BIM,
1r6twv4,BIM,
1qwxims,BIM,Training / skill gap
1qdeml6,BIM,
1qkca93,BIM,
1qh28oe,BIM,
1hzswil,BIM,
1q8pzp7,BIM,ROI uncertainty; Training / skill gap
1o4ub2i,BIM,
1p6r3ny,BIM,
1l30l8r,BIM,Integration problems; Interoperability; Performance limitations
1mfhav0,BIM,
1oj7zz0,BIM,
1m1ftlu,BIM,
1lwyi3r,BIM,Training / skill gap
1k342sp,BIM,Training / skill gap
1exxby3,BIM,Integration problems; Interoperability; Performance limitations
1l8sj0u,BIM,
1kwwo8l,BIM,Integration problems
1jryrz7,BIM,Cost concerns; Training / skill gap
1g1yv4u,BIM,
1fum4iq,BIM,
1i9tzk4,BIM,
1hq1g2l,BIM,Cost concerns; Training / skill gap
1eogtst,BIM,
1fltvon,BIM,
1bfyrmv,Simulation,
1o53nuc,AI,ROI uncertainty
1pcvris,AI,Training / skill gap
1nqr9er,AI,
1krn9vd,AI,Training / skill gap
1ioa1gv,AI,Training / skill gap
1hv8kmu,AI,Integration problems; Interoperability; Training / skill gap
1f9yalb,AI,
1kmhj9l,AI,Training / skill gap
1eyvg1h,AI,
1eanyam,AI,
1eijmkh,AI,
1cwq4nh,AI,
1ds0lmb,AI,
1qzxwv5,SHM (Structural Health Monitoring),Cost concerns; Integration problems; Interoperability; Performance limitations; Training / skill gap
1fwcmq2,Generative Design,
1betmw5,Generative Design,
1ootrp7,Digital Twins,
1pencro,Digital Twins,Integration problems; ROI uncertainty; Training / skill gap
1raweqq,Digital Twins,Cost concerns; Performance limitations; Training / skill gap
1mx7578,Digital Twins,Cost concerns; Integration problems; Performance limitations
1mccr62,Digital Twins,Performance limitations
1m1pmy7,Digital Twins,
1m8cnfc,Digital Twins,
1fayufd,Digital Twins,
1kbpe48,Digital Twins,Integration problems
1m1vudc,Digital Twins,
1djcwyd,Digital Twins,Integration problems; Performance limitations
1kdt4ng,Digital Twins,Training / skill gap
1c5w2zm,Digital Twins,Integration problems; Interoperability; Training / skill gap
1cgeynb,Digital Twins,
1kqfsu9,Big Data,Training / skill gap
1elnxuo,Big Data,Training / skill gap
1gg4mnr,Big Data,
1gg72oi,Big Data,
1o26ft4,Big Data,ROI uncertainty; Training / skill gap
1htsrc2,IoT,
1m96t9t,IoT,Performance limitations; ROI uncertainty; Training / skill gap
1m93ul7,IoT,
1dv56zh,IoT,
1ltgorn,Parametric Design,
1pc114q,AM_3Dprinting,Training / skill gap
1l2qbd8,Prefabrication,Integration problems
1dx9skq,UAV,Integration problems; Performance limitations; Training / skill gap
1of77he,Geographic Information Systems (GIS),
1ensdit,XR,Training / skill gap
1kuu056,XR,
1jo6uij,XR,
1dc7uz7,XR,Cost concerns; Integration problems; Training / skill gap
1ff4ybd,XR,
1oh7nwc,Simulation,
1mswczi,Simulation,Cost concerns
1k95ssh,Simulation,
1gvght5,Simulation,Cost concerns; Integration problems; Training / skill gap
1k6qivw,Simulation,
1hzbdo5,Simulation,
1es3wg3,Simulation,
1lsxq1n,BIM,Training / skill gap
1mcstvf,BIM,
1i6h9l8,BIM,
1k64emz,BIM,
1fpwamb,BIM,Training / skill gap
1cfycuz,BIM,
1durf2g,BIM,
1hhpn6i,BIM,
1o9z2qz,BIM,Interoperability; Training / skill gap
1puky4w,BIM,Interoperability; Performance limitations; Vendor lock-in
1r7bpld,BIM,Interoperability; Performance limitations; Training / skill gap
1qj7830,BIM,
1qvlajy,BIM,
1kx413m,BIM,Cost concerns; ROI uncertainty
1qgbyfa,AI,
1n5atyt,AI,
1jelv6m,AI,Cost concerns; Interoperability; Training / skill gap
1h0zevx,AI,
1p7y5mn,AI,
1hy497i,AI,
1jdfx5d,AI,
1l8sfl0,AI,
1dueezv,AI,Integration problems; Training / skill gap
1bdkubm,AI,
1bvw6wi,AI,
1e66toy,AI,Cost concerns; Integration problems; Interoperability; Vendor lock-in
1r2jud1,AI,Performance limitations
1nyurah,AI,
1pdun26,AI,Interoperability
1piv0as,AI,Interoperability; Performance limitations
1oibnaw,AI,Training / skill gap
1r18wnx,AI,Training / skill gap
1qbj7rk,AI,Performance limitations
1ocdiv0,AI,Cost concerns; Performance limitations; Training / skill gap
1r5lgur,AI,Regulatory / compliance
1pjtbn2,AI,Cost concerns; Integration problems; Performance limitations
1mdb1mk,AI,Cost concerns; Training / skill gap
1p8ddct,AI,
1qxem6b,AI,
1nnpipj,AI,Cost concerns; Performance limitations
1nfud63,AI,
1mprlhl,AI,
1lg4q55,Computational Fluid Dynamics,Regulatory / compliance
1itu5f1,Computational Fluid Dynamics,
1fjomta,Computational Fluid Dynamics,
1ltnpcx,SHM (Structural Health Monitoring),Cost concerns; Training / skill gap
1kjjwjm,SHM (Structural Health Monitoring),
1de4smr,SHM (Structural Health Monitoring),Cost concerns; Performance limitations; ROI uncertainty
1jv5ftd,Parametric Design,
1fikczk,Parametric Design,
1lfgunf,Parametric Design,Training / skill gap
1ine4fy,AM_3Dprinting,Performance limitations; Regulatory / compliance
1igr5xx,AM_3Dprinting,Cost concerns
1inc6ho,AM_3Dprinting,
1hvxlw1,AM_3Dprinting,Cost concerns; Regulatory / compliance
1ik13z9,AM_3Dprinting,Performance limitations
1g23vmt,AM_3Dprinting,
1olvjmq,AM_3Dprinting,
1lx9gza,AM_3Dprinting,Training / skill gap
1lpige8,Prefabrication,
1fginwm,Prefabrication,
1i6nrqc,Prefabrication,
1otvorq,Prefabrication,Regulatory / compliance
1oeuie7,Prefabrication,
1bfdqcf,Prefabrication,
1lnj7ot,Prefabrication,
1m0ta1r,Prefabrication,
1k5spub,Prefabrication,Cost concerns; Regulatory / compliance
1k9s4j3,Prefabrication,
1en2emt,Prefabrication,
1hksyww,Prefabrication,
1h159s3,Prefabrication,
1im2aya,UAV,
1krpk9y,XR,
1hv42ck,XR,
1jlcu0e,XR,
1q8fs6w,Simulation,
1i9h5lh,Simulation,
1qbt3h1,Simulation,Cost concerns
1pxdz2q,Simulation,
1nfz2u1,Simulation,Cost concerns; ROI uncertainty
1le2unp,Simulation,Performance limitations; Regulatory / compliance; Training / skill gap
1p2gvho,Simulation,
1mmz693,Simulation,
1p3mi3i,Simulation,
1jucaa0,Simulation,Regulatory / compliance; Training / skill gap
1m2q9ow,Simulation,
1ipahj5,Simulation,Training / skill gap
1jkanfb,Simulation,
1hjugzl,Simulation,
1isvuxh,Simulation,Cost concerns
1ggyow4,Simulation,
1gv0rtn,Simulation,
1fjqvk5,Simulation,
1r7y1c0,BIM,
1qrqm90,BIM,
1ocy6h4,BIM,Integration problems; Interoperability; Performance limitations
1qgcuon,BIM,
1mtfqz2,BIM,
1krhnja,BIM,
1mf4etm,BIM,
1hub2hu,BIM,
1g05qmx,BIM,
1ddyp66,BIM,
1c30f9t,BIM,
1lu0px6,BIM,Cost concerns; Performance limitations; ROI uncertainty; Training / skill gap
1kigp15,BIM,Cost concerns; Integration problems; Interoperability; Performance limitations
1lxbi5u,BIM,Training / skill gap; Vendor lock-in
1r1wrhf,BIM,
1r7b3fy,BIM,
1n6j4yq,BIM,Training / skill gap
1r7b8sk,BIM,
1mj0dth,BIM,Performance limitations; Regulatory / compliance; Training / skill gap
1n4rh8k,BIM,Training / skill gap
1fw7kp3,BIM,Cost concerns; Performance limitations
1ga9f74,BIM,Performance limitations; Training / skill gap
1r1mqxu,AI,Performance limitations
1nvmtyn,AI,
1mpcmku,AI,Vendor lock-in
1jz0ba4,AI,Training / skill gap
1r5jfg5,AI,
1ph81ox,AI,
1l8zxfg,AI,Performance limitations
1mq2vcf,AI,
1pylepw,AI,
1ohu5dk,AI,
1pw98tc,AI,
1kth3oy,AI,Interoperability; Performance limitations; Regulatory / compliance; Vendor lock-in
1mwwmnd,AI,
1gg7wx9,AI,Cost concerns; Regulatory / compliance
1gmiae2,AI,Performance limitations
1kap7pa,AI,
1i904j3,AI,
1bji2b1,AI,
1iw6r56,AI,
1boarbe,AI,Cost concerns; Performance limitations
1e6hpz2,AI,
1hbud8e,AI,
1h85z8j,AI,
1ckn8hi,AI,Cost concerns; Performance limitations; Training / skill gap
1bvwcs3,AI,
1r36khd,AI,
1r1k7bh,AI,Integration problems; Interoperability; Performance limitations; Training / skill gap
1nwiww4,AI,Cost concerns; Performance limitations
1nr3406,AI,Performance limitations
1p8zpcx,AI,Training / skill gap
1dk4xf3,Cloud Computing,Integration problems; Performance limitations; Vendor lock-in
1i2ex51,RFID,
1jtr1h6,Computational Fluid Dynamics,Cost concerns
1ddousx,Generative Design,Integration problems; Training / skill gap; Vendor lock-in
1g4kpx2,Big Data,
1byi11d,XR,Cost concerns; Performance limitations; ROI uncertainty
1fze6z9,XR,
1fruunr,Simulation,
1ozjiic,Simulation,Performance limitations
1fcbg5g,BIM,
1oxqh9d,AI,Regulatory / compliance; Training / skill gap
1r28upl,AI,Performance limitations
1ojg16m,AI,
1ozj655,AI,Integration problems; Performance limitations
1i06s4u,AI,
1czn3vj,AI,Cost concerns; Training / skill gap
1qghrjt,AI,
1jxn1kt,AI,
1iivlu9,AI,Regulatory / compliance
1g8jt4z,Digital Twins,Cost concerns
1oo0e8u,UAV,Cost concerns
1jjzox5,UAV,Cost concerns
1pj5xji,UAV,
1pitj5u,UAV,
1ntpjrs,UAV,Cost concerns
1latkqy,UAV,Regulatory / compliance
1gkvaso,UAV,Performance limitations; Regulatory / compliance
1glnflm,UAV,Performance limitations; Regulatory / compliance
1ldeq60,UAV,
1ixzahv,UAV,
1iszaui,UAV,Training / skill gap
1geth9u,UAV,Cost concerns
1ek9dc2,UAV,
1fz1q7f,UAV,
1bc79z1,UAV,Cost concerns; Regulatory / compliance
1co3lo4,UAV,
1g7iyhm,UAV,Cost concerns; Training / skill gap
1cak2wy,UAV,Regulatory / compliance; Training / skill gap
1esbr2p,UAV,Training / skill gap
1ccmzy3,UAV,Cost concerns; Performance limitations
1byefxl,UAV,Regulatory / compliance
1nzdvl8,Geographic Information Systems (GIS),
1o2c3x8,Geographic Information Systems (GIS),Integration problems; Interoperability
1p6qvq8,Geographic Information Systems (GIS),Integration problems; Interoperability; Performance limitations
1pqk912,Geographic Information Systems (GIS),Training / skill gap
1ph4kmz,Geographic Information Systems (GIS),
1msvl3l,Geographic Information Systems (GIS),Cost concerns; Training / skill gap
1lkhco1,Geographic Information Systems (GIS),Performance limitations
1meo1m9,Geographic Information Systems (GIS),Integration problems; Interoperability
1mvhyh1,Geographic Information Systems (GIS),
1mw0kkd,Geographic Information Systems (GIS),Cost concerns; Performance limitations
1ghxzrv,Geographic Information Systems (GIS),
1qinc1z,XR,
1oqjpsu,XR,Cost concerns; Training / skill gap
1p0xkgz,XR,Integration problems; Interoperability; Performance limitations
1qj6cit,XR,Cost concerns; Vendor lock-in
1lxlrgb,XR,
1jbg00u,XR,Training / skill gap
1l4foh9,XR,Integration problems; Performance limitations
1m763y3,XR,Integration problems; Interoperability; Performance limitations
1l3bdf0,XR,
1l8w2hc,XR,Performance limitations
1fk2d7d,XR,
1iusu2g,XR,
1cjywtu,XR,Cost concerns; Performance limitations
1ha3rlc,Simulation,
1nnm83m,BIM,Cost concerns
1miyu7c,BIM,Cost concerns; Training / skill gap
1n7ajku,BIM,
1gvlvwh,BIM,Cost concerns; Performance limitations; Training / skill gap
1gxigl1,BIM,Performance limitations
1eigeu5,BIM,
1n15r18,BIM,Cost concerns; Integration problems; Training / skill gap
1hcwrq6,BIM,
1ff3kad,BIM,
1cb5d3t,BIM,
1r1rzxb,AI,Training / skill gap
1nlzrgn,AI,
1pm0t8p,AI,
1mdkrxd,Generative Design,Performance limitations
1pgqzm5,AM_3Dprinting,Cost concerns; Performance limitations
1nxqqn5,AM_3Dprinting,Cost concerns; Regulatory / compliance
1i5hnts,AM_3Dprinting,Cost concerns; Performance limitations
1k8es9y,AM_3Dprinting,Cost concerns; Integration problems; Performance limitations; Regulatory / compliance; Training / skill gap; Vendor lock-in
1oi5tn7,Prefabrication,Cost concerns; ROI uncertainty
1bbdfcl,Prefabrication,Cost concerns; ROI uncertainty
1kq6juu,Prefabrication,Cost concerns
1bvttbd,Prefabrication,Cost concerns
1c0lwfd,Prefabrication,
1nb62e7,Prefabrication,Cost concerns; Regulatory / compliance
1l3hk52,Prefabrication,Cost concerns; Regulatory / compliance
1iwd047,Prefabrication,Cost concerns; Regulatory / compliance
1h2pq8u,Prefabrication,
1f6ifb5,Prefabrication,Regulatory / compliance
1h2htbc,UAV,
1lexr7g,Geographic Information Systems (GIS),
1fazw48,Simulation,
1qo35d8,Simulation,Training / skill gap
1hmre3c,Simulation,Cost concerns
1e9xrya,Simulation,
1pp0ibx,BIM,Integration problems; Performance limitations
1ipzz67,BIM,
1cqddbd,BIM,
1nxsqcd,AM_3Dprinting,
1mtzsah,UAV,
1mtzugb,UAV,
1j1unxn,Simulation,
1mlpcbj,Generative Design,Performance limitations; Regulatory / compliance
1qn9bkd,Parametric Design,
1nwrdxo,Digital Twins,
1dj0g5l,AM_3Dprinting,Cost concerns; Regulatory / compliance; Training / skill gap
1ov3suq,Geographic Information Systems (GIS),
1mswh4q,Simulation,
1p8hq6g,BIM,Cost concerns; Training / skill gap
1qk92ay,BIM,
1q2daiu,BIM,Performance limitations
1ou4h5j,BIM,Cost concerns; Training / skill gap
1omml7l,BIM,
1oyymg2,BIM,
1mzom2s,BIM,
1gp2ywi,BIM,
1fjmo2m,BIM,Training / skill gap
1fogo5c,BIM,
1qwakbj,BIM,Training / skill gap
1qvcj2d,BIM,Cost concerns
1qwako1,BIM,Training / skill gap
1p8tas6,BIM,
1paekuw,BIM,
1kzxz1e,BIM,
1l5x98u,BIM,
1jl8d8h,BIM,Performance limitations; Training / skill gap
1b8yh43,AM_3Dprinting,
1nxqtln,AM_3Dprinting,Regulatory / compliance
1lwm8iy,Geographic Information Systems (GIS),Performance limitations
1lshvx7,Geographic Information Systems (GIS),
1ef45wi,Simulation,Cost concerns; ROI uncertainty